title,placeUrl,website,status,subtitle,rating,reviewCount,category,address,phoneNumber,searchQuery,email,phoneFromWebsite
CWB Energy - Soluções em Energia Solar Curitiba,https://www.google.com/maps/place/CWB+Energy+-+Solu%C3%A7%C3%B5es+em+Energia+Solar+Curitiba/data=!4m7!3m6!1s0x94dce781d6e677e7:0x13a420e5b75e5a63!8m2!3d-25.3908831!4d-49.2456884!16s%2Fg%2F11fm5kgf8t!19sChIJ53fm1oHn3JQRY1pet-UgpBM,http://www.cwbenergy.com.br/,Data found,,"4,3",6,Fornecedor de equipamentos a energia solar,"R. N. Sra. de Nazaré, 1122 - Boa Vista, Curitiba - PR, 82560-000, Brasil",+55 41 3618-0056,"https://www.google.com/maps/search/energia+solar+em+curitiba/@-25.4572096,-49.3575847,12z/data=!3m1!4b1?entry=ttu",contato@cwbenergy.com.br,+55 (41) 9.9905-8507
Gratiluz Energia,https://www.google.com/maps/place/Gratiluz+Energia/data=!4m7!3m6!1s0x94dce7e69fccbbeb:0xe4ced3adf2090c97!8m2!3d-25.3908003!4d-49.2411129!16s%2Fg%2F11t0yyw8rm!19sChIJ67vMn-bn3JQRlwwJ8q3TzuQ,http://www.gratiluzenergia.com.br/,No data found,,"5,0",16,Fornecedor de equipamentos a energia solar,"Rua José Merhy, 1255 - Boa Vista, Curitiba - PR, 82560-440, Brasil",+55 41 99102-5051,"https://www.google.com/maps/search/energia+solar+em+curitiba/@-25.4572096,-49.3575847,12z/data=!3m1!4b1?entry=ttu",,
Energia Leve - Energia Solar Fotovoltaica,https://www.google.com/maps/place/Energia+Leve+-+Energia+Solar+Fotovoltaica/data=!4m7!3m6!1s0x94dce41384175783:0x3e698e2fc9a28fad!8m2!3d-25.3949382!4d-49.2262866!16s%2Fg%2F11dxrzw9gn!19sChIJg1cXhBPk3JQRrY-iyS-OaT4,https://energialeve.com/,Data found,,"4,3",23,Fornecedor de equipamentos a energia solar,"Rua Luis Manoel Agner, 11 - Sala 21 - Bacacheri, Curitiba - PR, 82600-400, Brasil",+55 41 3524-9474,"https://www.google.com/maps/search/energia+solar+em+curitiba/@-25.4572096,-49.3575847,12z/data=!3m1!4b1?entry=ttu",comercial@energialeve.com,(41) 3524-9474
Simprosol,https://www.google.com/maps/place/Simprosol/data=!4m7!3m6!1s0x94dce7a8d2f00dab:0x94fb07a397dcd0e1!8m2!3d-25.3950943!4d-49.2411616!16s%2Fg%2F11kjbc4_jv!19sChIJqw3w0qjn3JQR4dDcl6MH-5Q,https://www.solutudo.com.br/empresas/pr/curitiba/energia-solar/simprosol-23130464,Data found,,"5,0",1,Fornecedor de equipamentos a energia solar,"R. Canadá, 979 - Bacacheri, Curitiba - PR, 82510-290, Brasil",+55 41 99161-6025,"https://www.google.com/maps/search/energia+solar+em+curitiba/@-25.4572096,-49.3575847,12z/data=!3m1!4b1?entry=ttu",comercial@simprosol.com.br,12345678910
JS ENERGIA SOLAR,https://www.google.com/maps/place/JS+ENERGIA+SOLAR/data=!4m7!3m6!1s0x94dce71e96f84a77:0x20b95a26311177d!8m2!3d-25.3894481!4d-49.2377847!16s%2Fg%2F11fw8g8gqc!19sChIJd0r4lh7n3JQRfRcRY6KVCwI,http://www.solbrasilenergia.com.br/,Data found,,"5,0",1,Empresa de energia solar,"R. Antônio Lago, 70 - loja 10 - Boa Vista, Curitiba - PR, 82560-430, Brasil",+55 41 99616-5168,"https://www.google.com/maps/search/energia+solar+em+curitiba/@-25.4572096,-49.3575847,12z/data=!3m1!4b1?entry=ttu",contato@solbrasilenergia.com.br,(46) 9 9119-6541
mbf energia solar,https://www.google.com/maps/place/mbf+energia+solar/data=!4m7!3m6!1s0x94dce725f4ed053f:0x8ccc5638e2a11fc3!8m2!3d-25.4009709!4d-49.262749!16s%2Fg%2F11h37mxjpm!19sChIJPwXt9CXn3JQRwx-h4jhWzIw,https://www.mbfenergiasolar.com.br/,Data found,,"1,0",1,Fornecedor de equipamentos a energia solar,"R. Alberto Folloni, 1637 - Ahú, Curitiba - PR, 80540-000, Brasil",+55 41 99774-5067,"https://www.google.com/maps/search/energia+solar+em+curitiba/@-25.4572096,-49.3575847,12z/data=!3m1!4b1?entry=ttu",,
Nobel Energia Solar,https://www.google.com/maps/place/Nobel+Energia+Solar/data=!4m7!3m6!1s0x94dce7cda6ee4015:0xc6dd63960688c855!8m2!3d-25.4058904!4d-49.2663038!16s%2Fg%2F11q4bkyr80!19sChIJFUDups3n3JQRVciIBpZj3cY,,No website found,,,,Fornecedor de equipamentos a energia solar,"R. Francisco de Paula Guimarães, 70 - Ahú, Curitiba - PR, 80540-040, Brasil",+55 44 99710-5907,"https://www.google.com/maps/search/energia+solar+em+curitiba/@-25.4572096,-49.3575847,12z/data=!3m1!4b1?entry=ttu",,
Lux Energy - Energia Solar Fotovoltaica,https://www.google.com/maps/place/Lux+Energy+-+Energia+Solar+Fotovoltaica/data=!4m7!3m6!1s0x94dce4368a7c0001:0x226238e2b91bf1a1!8m2!3d-25.421008!4d-49.249789!16s%2Fg%2F11g6xq2mk8!19sChIJAQB8ijbk3JQRofEbueI4YiI,https://luxenergy.com.br/,Data found,,"5,0",3,Fornecedor de equipamentos a energia solar,"R. Conselheiro Carrão, 831 - Juvevê, Curitiba - PR, 80040-130, Brasil",+55 41 98823-7624,"https://www.google.com/maps/search/energia+solar+em+curitiba/@-25.4572096,-49.3575847,12z/data=!3m1!4b1?entry=ttu",luxenergy@luxenergy.com.br,(41) 3205-7712
SegEnergy Curitiba,https://www.google.com/maps/place/SegEnergy+Curitiba/data=!4m7!3m6!1s0x94dce544d338a605:0x3fe352c753560d12!8m2!3d-25.4109838!4d-49.2552044!16s%2Fg%2F11t96gr1j7!19sChIJBaY400Tl3JQREg1WU8dS4z8,https://segenergysolar.com.br/unidades/,No data found,,"5,0",2,Fornecedor de equipamentos a energia solar,"R. Bom Jesus, 212 - Juvevê, Curitiba - PR, 80035-010, Brasil",+55 41 99126-7973,"https://www.google.com/maps/search/energia+solar+em+curitiba/@-25.4572096,-49.3575847,12z/data=!3m1!4b1?entry=ttu",,
Sunray Energia Solar,https://www.google.com/maps/place/Sunray+Energia+Solar/data=!4m7!3m6!1s0x94dce56c17ccac17:0x18cc8a120494cc39!8m2!3d-25.4205307!4d-49.2680691!16s%2Fg%2F11kk45lk4r!19sChIJF6zMF2zl3JQROcyUBBKKzBg,https://www.solutudo.com.br/empresas/pr/curitiba/energia-solar/sunray-energia-solar-23130836,Data found,,"5,0",14,Fornecedor de equipamentos a energia solar,"R. Heitor Stockler de França, 396 - Centro Cívico, Curitiba - PR, 80030-030, Brasil",+55 41 99634-1155,"https://www.google.com/maps/search/energia+solar+em+curitiba/@-25.4572096,-49.3575847,12z/data=!3m1!4b1?entry=ttu",sunrayenergiasolar@gmail.com,12345678910
SUNTECH ENERGIA SOLAR,https://www.google.com/maps/place/SUNTECH+ENERGIA+SOLAR/data=!4m7!3m6!1s0x94dce72a358d7f53:0xabc908fb2a6ef7da!8m2!3d-25.3950076!4d-49.2715307!16s%2Fg%2F11rtc77vjn!19sChIJU3-NNSrn3JQR2vduKvsIyas,https://www.suntechltda.com.br/,No data found,,,,Escritório da empresa,"R. Mateus Leme, 3663 - São Lourenço, Curitiba - PR, 82200-000, Brasil",+55 41 3353-2826,"https://www.google.com/maps/search/energia+solar+em+curitiba/@-25.4572096,-49.3575847,12z/data=!3m1!4b1?entry=ttu",,
Ecosole Energias Renováveis,https://www.google.com/maps/place/Ecosole+Energias+Renov%C3%A1veis/data=!4m7!3m6!1s0x94dce55aca6c7435:0xed63b269e6cd017d!8m2!3d-25.410253!4d-49.2402159!16s%2Fg%2F11h8cy_l6c!19sChIJNXRsylrl3JQRfQHN5mmyY-0,http://www.ecosole.com.br/CONTATO,Data found,,,,Equipamentos e soluções de energia,"R. Venezuela, 84 - Box 01 - Bacacheri, Curitiba - PR, 82510-100, Brasil",+55 41 98496-1334,"https://www.google.com/maps/search/energia+solar+em+curitiba/@-25.4572096,-49.3575847,12z/data=!3m1!4b1?entry=ttu",contato@ecosole.com.br,(41) 3503-6244
Amicta Sole Energia Fotovoltaica,https://www.google.com/maps/place/Amicta+Sole+Energia+Fotovoltaica/data=!4m7!3m6!1s0x94dce7bfd496e1dd:0xb50c5ad8e013f78c!8m2!3d-25.4097954!4d-49.2711112!16s%2Fg%2F11tsk2ys_j!19sChIJ3eGW1L_n3JQRjPcT4NhaDLU,https://amictasole.com.br/,Data found,,"5,0",16,Fornecedor de equipamentos a energia solar,"R. Mateus Leme, 1970 - Centro Cívico, Curitiba - PR, 80530-010, Brasil",+55 41 99167-6939,"https://www.google.com/maps/search/energia+solar+em+curitiba/@-25.4572096,-49.3575847,12z/data=!3m1!4b1?entry=ttu",amictasole.energia@gmail.com,(41) 99167-6939
Solar com Economia,https://www.google.com/maps/place/Solar+com+Economia/data=!4m7!3m6!1s0x94dcfbbd1ad3a679:0x2a14b242bb2ef075!8m2!3d-25.4110805!4d-49.2601698!16s%2Fg%2F11tfsz3fyk!19sChIJeabTGr373JQRdfAuu0KyFCo,http://www.solarcomeconomia.com.br/?utm_source=google&utm_medium=wix_google_business_profile&utm_campaign=15099689792622731457,Data found,,"5,0",14,Fornecedor de equipamentos a energia solar,"Travessa Polysú, 44 - Sala 9 - Juvevê, Curitiba - PR, 80530-330, Brasil",+55 41 99288-4298,"https://www.google.com/maps/search/energia+solar+em+curitiba/@-25.4572096,-49.3575847,12z/data=!3m1!4b1?entry=ttu",contato@solarcomeconomia.com,+55 41 99288-4298
DUTUS Sol - Energia Solar e Engenharia,https://www.google.com/maps/place/DUTUS+Sol+-+Energia+Solar+e+Engenharia/data=!4m7!3m6!1s0x94dce5beb897610f:0x608f55a0367c7522!8m2!3d-25.3900085!4d-49.2437657!16s%2Fg%2F11rkb10rqb!19sChIJD2GXuL7l3JQRInV8NqBVj2A,https://dutussol.eng.br/,Data found,,"5,0",22,Fornecedor de equipamentos a energia solar,"Rua Vicente Ciccarino - Boa Vista, Curitiba - PR, 82560-410, Brasil",+55 41 3906-0835,"https://www.google.com/maps/search/energia+solar+em+curitiba/@-25.4572096,-49.3575847,12z/data=!3m1!4b1?entry=ttu",solar@dutus.eng.br,(41) 3906-0835
Fator Solar Energias Renováveis,https://www.google.com/maps/place/Fator+Solar+Energias+Renov%C3%A1veis/data=!4m7!3m6!1s0x94dce3e20d15a8ed:0x58a3b6e8d234ad15!8m2!3d-25.4191098!4d-49.2836875!16s%2Fg%2F11cjj05hs8!19sChIJ7agVDeLj3JQRFa000ui2o1g,http://www.fatorsolar.eco.br/,Data found,,"4,9",30,Fornecedor de equipamentos a energia solar,"R. Cel. João Guilherme Guimarães, 350 - Mercês, Curitiba - PR, 80510-350, Brasil",+55 41 3205-5667,"https://www.google.com/maps/search/energia+solar+em+curitiba/@-25.4572096,-49.3575847,12z/data=!3m1!4b1?entry=ttu",,(41) 3205-5667
Solar2E Energia Eficiente,https://www.google.com/maps/place/Solar2E+Energia+Eficiente/data=!4m7!3m6!1s0x94dce523fef71f89:0x57b5f807b2c42f53!8m2!3d-25.4272755!4d-49.2633199!16s%2Fg%2F11fkynz176!19sChIJiR_3_iPl3JQRUy_Esgf4tVc,,No website found,,,,Fornecedor de equipamentos a energia solar,"R. Amintas de Barros, 240 - CJ 2403B - Centro, Curitiba - PR, 80060-205, Brasil",+55 41 99944-1497,"https://www.google.com/maps/search/energia+solar+em+curitiba/@-25.4572096,-49.3575847,12z/data=!3m1!4b1?entry=ttu",,
Energia Solar Curitiba SOLARE,https://www.google.com/maps/place/Energia+Solar+Curitiba+SOLARE/data=!4m7!3m6!1s0x94dce3f0e457d439:0xe7e22619c7e7ea06!8m2!3d-25.4294372!4d-49.2909597!16s%2Fg%2F11cryfhypm!19sChIJOdRX5PDj3JQRBurnxxkm4uc,http://www.solare.eng.br/,Data found,,"5,0",9,Empresa de energia solar,"R. Padre Anchieta, 1150 - Bigorrilho, Curitiba - PR, 80730-000, Brasil",+55 41 99222-3012,"https://www.google.com/maps/search/energia+solar+em+curitiba/@-25.4572096,-49.3575847,12z/data=!3m1!4b1?entry=ttu",jloup@gzip.org,(41) 99222 3012
Exitus Energia Solar em Curitiba,https://www.google.com/maps/place/Exitus+Energia+Solar+em+Curitiba/data=!4m7!3m6!1s0x94dce7432a3e33db:0xdc443da46a9154a7!8m2!3d-25.4000027!4d-49.2468288!16s%2Fg%2F11s9jtx5n_!19sChIJ2zM-KkPn3JQRp1SRaqQ9RNw,https://exitusenergiamaringa.rds.land/energia-solar-curitiba?gclid=Cj0KCQjw48OaBhDWARIsAMd966CvK2a2o9sF78b6GzRRKhO6y-gln3mr9K7ecCGRs5R5eOkQj6UG6sUaAuruEALw_wcB,No data found,,"2,3",6,Equipamentos e soluções de energia,"Av. Paraná, 1489 - Bacacheri, Curitiba - PR, 82510-000, Brasil",+55 41 99938-6290,"https://www.google.com/maps/search/energia+solar+em+curitiba/@-25.4572096,-49.3575847,12z/data=!3m1!4b1?entry=ttu",,
Renova Green,https://www.google.com/maps/place/Renova+Green/data=!4m7!3m6!1s0x94dce675c2843555:0x538946698447315c!8m2!3d-25.4215149!4d-49.2720395!16s%2Fg%2F11bw657vlc!19sChIJVTWEwnXm3JQRXDFHhGlGiVM,http://www.renovagreen.com.br/,Data found,,"4,9",93,Empresa de energia solar,"Rua Duque de Caxias, 650 - São Francisco, Curitiba - PR, 80530-040, Brasil",+55 41 4141-5654,"https://www.google.com/maps/search/energia+solar+em+curitiba/@-25.4572096,-49.3575847,12z/data=!3m1!4b1?entry=ttu",contato@renovagreen.com.br,41 4141-5654
Energia Solar FM,https://www.google.com/maps/place/Energia+Solar+FM/data=!4m7!3m6!1s0x94dce5d519c1c399:0xdd7b332041b3905c!8m2!3d-25.4032448!4d-49.242099!16s%2Fg%2F11syyyr0w1!19sChIJmcPBGdXl3JQRXJCzQSAze90,,No website found,,,,Fornecedor de equipamentos a energia solar,"R. México, 20 - Bacacheri, Curitiba - PR, 82510-060, Brasil",+55 41 99666-6970,"https://www.google.com/maps/search/energia+solar+em+curitiba/@-25.4572096,-49.3575847,12z/data=!3m1!4b1?entry=ttu",,
Brasul Energia Solar,https://www.google.com/maps/place/Brasul+Energia+Solar/data=!4m7!3m6!1s0x94dce505379a4701:0xb09f7c870829b808!8m2!3d-25.4496853!4d-49.2684949!16s%2Fg%2F11j4814gzj!19sChIJAUeaNwXl3JQRCLgpCId8n7A,https://brasulenergia.com.br/,Data found,,"4,5",8,Fornecedor de equipamentos a energia solar,"Rua 24 de Maio, 1500 - Rebouças, Curitiba - PR, 80220-060, Brasil",+55 41 99193-7475,"https://www.google.com/maps/search/energia+solar+em+curitiba/@-25.4572096,-49.3575847,12z/data=!3m1!4b1?entry=ttu",contato@brasulenergia.com.br,(41) 99193-7475
Primeira Opção Energia Solar Curitiba,https://www.google.com/maps/place/Primeira+Op%C3%A7%C3%A3o+Energia+Solar+Curitiba/data=!4m7!3m6!1s0x94dce508b83c39c7:0x784b7092bd91270e!8m2!3d-25.4584739!4d-49.2172645!16s%2Fg%2F11ts4bm3l1!19sChIJxzk8uAjl3JQRDieRvZJwS3g,https://www.solutudo.com.br/empresas/pr/curitiba/energia-solar/primeira-opcao-energia-solar-23128669,Data found,,"5,0",2,Fornecedor de equipamentos a energia solar,"R. Teófilo Otoní, 335 - Cajuru, Curitiba - PR, 82940-000, Brasil",+55 41 98523-3828,"https://www.google.com/maps/search/energia+solar+em+curitiba/@-25.4572096,-49.3575847,12z/data=!3m1!4b1?entry=ttu",,12345678910
BRSol Energia Solar - Curitiba PR,https://www.google.com/maps/place/BRSol+Energia+Solar+-+Curitiba+PR/data=!4m7!3m6!1s0x94dce32199a58e71:0xdb5952ca4980342b!8m2!3d-25.4353332!4d-49.3029984!16s%2Fg%2F11qgtr_zgw!19sChIJcY6lmSHj3JQRKzSAScpSWds,https://brsol.com.br/unidades/curitiba,Data found,,,,Fornecedor de equipamentos a energia solar,"R. Gastão Câmara, 499 - Bigorrilho, Curitiba - PR, 80730-300, Brasil",+55 41 99129-5779,"https://www.google.com/maps/search/energia+solar+em+curitiba/@-25.4572096,-49.3575847,12z/data=!3m1!4b1?entry=ttu",andy.alves@brsol.com.br,(41) 99129-5779
PackSolar,https://www.google.com/maps/place/PackSolar/data=!4m7!3m6!1s0x94dce5eb9c962f0d:0x9e0eb4febfbdf9e1!8m2!3d-25.4345447!4d-49.2621532!16s%2Fg%2F11flrxnkpw!19sChIJDS-WnOvl3JQR4fm9v_60Dp4,http://www.packsolar.com.br/,No data found,,"5,0",4,Fornecedor de equipamentos a energia solar,"Av. Visc. de Guarapuava, 2131 - Centro, Curitiba - PR, 80060-060, Brasil",+55 41 98727-6336,"https://www.google.com/maps/search/energia+solar+em+curitiba/@-25.4572096,-49.3575847,12z/data=!3m1!4b1?entry=ttu",,
Latitude Solar,https://www.google.com/maps/place/Latitude+Solar/data=!4m7!3m6!1s0x94dce7fe190aef3f:0x93eb550525a3c79!8m2!3d-25.4041278!4d-49.2573719!16s%2Fg%2F11nm_w7qvw!19sChIJP-8KGf7n3JQReTxaUlC1Pgk,http://www.latitudesolar.com.br/,Data found,,"5,0",4,Empresa de energia solar,"Av. Anita Garibaldi, 850 - Salas 207, 208 e 209 - Cabral, Curitiba - PR, 80540-180, Brasil",+55 41 3053-2811,"https://www.google.com/maps/search/energia+solar+em+curitiba/@-25.4572096,-49.3575847,12z/data=!3m1!4b1?entry=ttu",contato@latitudesolar.com.br,(41) 3053-2811
Paraná Energia Solar ✅| Orçamento Energia Solar Curitiba ✅ | Orçamento Painéis Solares - PR ✅ | Energia Solar Empresarial,https://www.google.com/maps/place/Paran%C3%A1+Energia+Solar+%E2%9C%85%7C+Or%C3%A7amento+Energia+Solar+Curitiba+%E2%9C%85+%7C+Or%C3%A7amento+Pain%C3%A9is+Solares+-+PR+%E2%9C%85+%7C+Energia+Solar+Empresarial/data=!4m7!3m6!1s0x94dce1cc0550110d:0xdba2e33d9c8abd83!8m2!3d-25.4160856!4d-49.3377164!16s%2Fg%2F11jg323yt0!19sChIJDRFQBczh3JQRg72KnD3jots,http://paranaenergiasolar.com.br/?utm_source=google&utm_medium=wix_google_business_profile&utm_campaign=4093123510264709685,Data found,,"4,9",38,Fornecedor de equipamentos a energia solar,"Rua Estephano Reva, 209 - Santa Felicidade, Curitiba - PR, 82015-640, Brasil",+55 41 99589-9364,"https://www.google.com/maps/search/energia+solar+em+curitiba/@-25.4572096,-49.3575847,12z/data=!3m1!4b1?entry=ttu",email@exemplo.com,
Renovapower | Energia solar Curitiba,https://www.google.com/maps/place/Renovapower+%7C+Energia+solar+Curitiba/data=!4m7!3m6!1s0x88ca5105748707e3:0x81f796febc7a911!8m2!3d-25.4589918!4d-49.2100911!16s%2Fg%2F11rkpbt0jg!19sChIJ4weHdAVRyogREanH6295Hwg,https://renovapower.com.br/,Data found,,"5,0",22,Fornecedor de equipamentos a energia solar,"Rua Ângelo Cavichiolo, 95 - Sobrado 1 - Cajuru, Curitiba - PR, 82930-260, Brasil",+55 41 99693-0367,"https://www.google.com/maps/search/energia+solar+em+curitiba/@-25.4572096,-49.3575847,12z/data=!3m1!4b1?entry=ttu",exemplo@gmail.com,
Blue Sol Curitiba - Energia Solar,https://www.google.com/maps/place/Blue+Sol+Curitiba+-+Energia+Solar/data=!4m7!3m6!1s0x94dce15316ba5a5f:0x585ac9ca91234bec!8m2!3d-25.3851404!4d-49.3234068!16s%2Fg%2F11gk_ygnbp!19sChIJX1q6FlPh3JQR7EsjkcrJWlg,http://bluesol.com.br/curitiba,Data found,,"3,3",9,Empresa de energia solar,"Av. Fredolin Wolf, 4068 - 2 - Santa Felicidade, Curitiba - PR, 82410-330, Brasil",+55 41 3387-6425,"https://www.google.com/maps/search/energia+solar+em+curitiba/@-25.4572096,-49.3575847,12z/data=!3m1!4b1?entry=ttu",claudio.coutinho@bluesol.com.br,(41)3387-6425
ECOPOWER ENERGIA SOLAR UNIDADE CURITIBA,https://www.google.com/maps/place/ECOPOWER+ENERGIA+SOLAR+UNIDADE+CURITIBA/data=!4m7!3m6!1s0x94dcfd8560453a45:0x7970240c7f4115b9!8m2!3d-25.4787567!4d-49.3281432!16s%2Fg%2F11h7b5f57p!19sChIJRTpFYIX93JQRuRVBfwwkcHk,,No website found,,,,Fornecedor de equipamentos a energia solar,"R. Pablo Picasso, 92 - Fazendinha, Curitiba - PR, 81330-310, Brasil",+55 41 3245-9806,"https://www.google.com/maps/search/energia+solar+em+curitiba/@-25.4572096,-49.3575847,12z/data=!3m1!4b1?entry=ttu",,
Sistema de Energia Solar,https://www.google.com/maps/place/Sistema+de+Energia+Solar/data=!4m7!3m6!1s0x94dce46da6166721:0x16866cbd36ff027c!8m2!3d-25.433638!4d-49.2721588!16s%2Fg%2F11j3x0zlr8!19sChIJIWcWpm3k3JQRfAL_Nr1shhY,,No website found,,,,Fornecedor de equipamentos a energia solar,"R. José Loureiro, 12 - Centro, Curitiba - PR, 82590-300, Brasil",+55 21 3556-3108,"https://www.google.com/maps/search/energia+solar+em+curitiba/@-25.4572096,-49.3575847,12z/data=!3m1!4b1?entry=ttu",,
PORTTE ENERGIA SOLAR,https://www.google.com/maps/place/PORTTE+ENERGIA+SOLAR/data=!4m7!3m6!1s0x94dce5fcb2aa504b:0xd0ef8057f51f84c7!8m2!3d-25.4527228!4d-49.2699853!16s%2Fg%2F11s18cj9rt!19sChIJS1Cqsvzl3JQRx4Qf9VeA79A,https://solar.portteeletrica.com.br/,Data found,,"5,0",10,Fornecedor de equipamentos a energia solar,"R. Chile, 2211 - Loja 3 - Rebouças, Curitiba - PR, 80220-181, Brasil",+55 41 97403-1817,"https://www.google.com/maps/search/energia+solar+em+curitiba/@-25.4572096,-49.3575847,12z/data=!3m1!4b1?entry=ttu",portte@portteeletrica.com.br,(41)35242608
"Effect Energia Solar: Placa Solar, Energia Solar em Curitiba PR","https://www.google.com/maps/place/Effect+Energia+Solar:+Placa+Solar,+Energia+Solar+em+Curitiba+PR/data=!4m7!3m6!1s0x94dcf1429422ad99:0x9e0d601d9224463a!8m2!3d-25.4801256!4d-49.1944438!16s%2Fg%2F11t13hv9xn!19sChIJma0ilELx3JQROkYkkh1gDZ4",http://www.effectenergiasolar.com.br/,Data found,,"5,0",6,Fornecedor de equipamentos a energia solar,"Rua Antônio Moreira Lopes, 151 - Cajuru, Curitiba - PR, 82980-100, Brasil",+55 41 99927-8648,"https://www.google.com/maps/search/energia+solar+em+curitiba/@-25.4572096,-49.3575847,12z/data=!3m1!4b1?entry=ttu",,43 99611-7094
123 Solar Curitiba,https://www.google.com/maps/place/123+Solar+Curitiba/data=!4m7!3m6!1s0x94dce397be0d73e3:0x69ca7d8568ca3e92!8m2!3d-25.4305516!4d-49.3198745!16s%2Fg%2F11qnlpr16h!19sChIJ43MNvpfj3JQRkj7KaIV9ymk,https://123solarcuritiba.com.br/,Data found,,"5,0",6,Fornecedor de equipamentos a energia solar,"R. Clara Vendramin, 51 - Mossunguê, Curitiba - PR, 81200-170, Brasil",+55 41 3500-8460,"https://www.google.com/maps/search/energia+solar+em+curitiba/@-25.4572096,-49.3575847,12z/data=!3m1!4b1?entry=ttu",curitiba@123solar.com.br,(41) 3500-8460
Opus Solar,https://www.google.com/maps/place/Opus+Solar/data=!4m7!3m6!1s0x94dce458515aaaab:0x23ae44518322e769!8m2!3d-25.4700721!4d-49.2717474!16s%2Fg%2F11j0ytkp7q!19sChIJq6paUVjk3JQRaecig1FEriM,http://opussolar.com.br/,No data found,,"4,5",24,Fornecedor de equipamentos a energia solar,"R. Minas Gerais, 1004 - Guaíra, Curitiba - PR, 80630-220, Brasil",+55 41 3025-6250,"https://www.google.com/maps/search/energia+solar+em+curitiba/@-25.4572096,-49.3575847,12z/data=!3m1!4b1?entry=ttu",,
Sarasol Engenharia - Energia Solar,https://www.google.com/maps/place/Sarasol+Engenharia+-+Energia+Solar/data=!4m7!3m6!1s0x94dce39550b1c223:0xc2df3757f190bf05!8m2!3d-25.4540914!4d-49.2663029!16s%2Fg%2F11t635mvqj!19sChIJI8KxUJXj3JQRBb-Q8Vc338I,http://www.sarasol.com.br/,Data found,,"5,0",44,Fornecedor de equipamentos a energia solar,"Rua Doutor Romualdo A. Baraúna, 269 Av Presidente Kennedy, 522, Rebouças, Curitiba - PR, 80220-200 - seminário, Curitiba - PR, 80740-250, Brasil",+55 41 99241-8658,"https://www.google.com/maps/search/energia+solar+em+curitiba/@-25.4572096,-49.3575847,12z/data=!3m1!4b1?entry=ttu",contato@sarasol.com.br,(41) 3085-4930
Curso de Energia Solar em Curitiba LGL Solar,https://www.google.com/maps/place/Curso+de+Energia+Solar+em+Curitiba+LGL+Solar/data=!4m7!3m6!1s0x94dce50effc64a45:0xbd445fdbd326fa03!8m2!3d-25.4775818!4d-49.29874!16s%2Fg%2F11k0ldb2tr!19sChIJRUrG_w7l3JQRA_om09tfRL0,https://curso-de-energia-solar-em-curitiba.negocio.site/?utm_source=gmb&utm_medium=referral,Data found,,"5,0",27,Fornecedor de equipamentos a energia solar,"Rua Frei Gaspar da Madre de Deus, 248 - Portão, Curitiba - PR, 81070-090, Brasil",+55 11 3042-2303,"https://www.google.com/maps/search/energia+solar+em+curitiba/@-25.4572096,-49.3575847,12z/data=!3m1!4b1?entry=ttu",,(11) 3042-2303
HSP Solar,https://www.google.com/maps/place/HSP+Solar/data=!4m7!3m6!1s0x94dce436cb8fffff:0x6a2d45588e9d231a!8m2!3d-25.4077411!4d-49.2542319!16s%2Fg%2F11fxcg3pfx!19sChIJ__-Pyzbk3JQRGiOdjlhFLWo,,No website found,,,,Fornecedor de equipamentos a energia solar,"R. Dr. Manoel Pedro, 365 - Cabral, Curitiba - PR, 80035-030, Brasil",+55 41 99823-7830,"https://www.google.com/maps/search/energia+solar+em+curitiba/@-25.4572096,-49.3575847,12z/data=!3m1!4b1?entry=ttu",,
Energia Solar Curitiba | Joaquim Cancela Gonçalves | Consultor da FAAD Energy,https://www.google.com/maps/place/Energia+Solar+Curitiba+%7C+Joaquim+Cancela+Gon%C3%A7alves+%7C+Consultor+da+FAAD+Energy/data=!4m7!3m6!1s0x94dce3ef9c47656d:0xf137dbf1e39e538c!8m2!3d-25.4770357!4d-49.2845193!16s%2Fg%2F11h23b2t80!19sChIJbWVHnO_j3JQRjFOe4_HbN_E,https://faadenergy.com.br/,No data found,,"5,0",2,Fornecedor de equipamentos a energia solar,"Av. Presidente Wenceslau Braz, 3158 - Parolin, Curitiba - PR, 81010-001, Brasil",+55 41 99213-2049,"https://www.google.com/maps/search/energia+solar+em+curitiba/@-25.4572096,-49.3575847,12z/data=!3m1!4b1?entry=ttu",,
Sfero Energia Solar,https://www.google.com/maps/place/Sfero+Energia+Solar/data=!4m7!3m6!1s0x94dce3781024a08f:0x7b0fc882a8348a2e!8m2!3d-25.4454313!4d-49.286063!16s%2Fg%2F11jbttc0j1!19sChIJj6AkEHjj3JQRLoo0qILID3s,http://sfero.com.br/,Data found,,"5,0",1,Fornecedor de equipamentos a energia solar,"Avenida Sete de Setembro, 4995 Térreo, 01 - Batel, Curitiba - PR, 80240-001, Brasil",+55 41 99956-2606,"https://www.google.com/maps/search/energia+solar+em+curitiba/@-25.4572096,-49.3575847,12z/data=!3m1!4b1?entry=ttu",,(41) 3528.4763
Movibio Curitiba Energia Solar,https://www.google.com/maps/place/Movibio+Curitiba+Energia+Solar/data=!4m7!3m6!1s0x94dce587bf4c9895:0x6b9920693506f316!8m2!3d-25.4157602!4d-49.2475384!16s%2Fg%2F11k9p6938n!19sChIJlZhMv4fl3JQRFvMGNWkgmWs,https://arturmedeiros.eng.br/movibio-4/,Data found,,,,Empresa de energia solar,"Estamos no Artis Coworking! - R. Padre Germano Mayer, 2200 - Hugo Lange, Curitiba - PR, 80040-170, Brasil",+55 41 99190-4821,"https://www.google.com/maps/search/energia+solar+em+curitiba/@-25.4572096,-49.3575847,12z/data=!3m1!4b1?entry=ttu",contato@arturmedeiros.eng.br,+55 41 99190 4821
Frota Solar,https://www.google.com/maps/place/Frota+Solar/data=!4m7!3m6!1s0x25325523779530bf:0x605bab89677d100d!8m2!3d-25.3975786!4d-49.2381877!16s%2Fg%2F11t29qlv52!19sChIJvzCVdyNVMiURDRB9Z4mrW2A,https://www.frotasolar.com.br/,Data found,,"5,0",3,Serviço de energia solar,"R. Costa Rica - Bacacheri, Curitiba - PR, 82510-180, Brasil",+55 41 99935-8444,"https://www.google.com/maps/search/energia+solar+em+curitiba/@-25.4572096,-49.3575847,12z/data=!3m1!4b1?entry=ttu",frotasolar@frotasolar.com.br,(41) 9 9935-8444
MERIDIAN ENERGIA SOLAR,https://www.google.com/maps/place/MERIDIAN+ENERGIA+SOLAR/data=!4m7!3m6!1s0x94dce51239d185db:0xa712164520297e7!8m2!3d-25.4578936!4d-49.2262529!16s%2Fg%2F11j3txs2nh!19sChIJ24XRORLl3JQR55cCUmQhcQo,http://www.meridiansolar.com.br/,Data found,,"5,0",29,Equipamentos e soluções de energia,"R. Cel. Joaquim Lacerda, 892 - Jardim das Américas, Curitiba - PR, 81530-160, Brasil",+55 41 99912-8299,"https://www.google.com/maps/search/energia+solar+em+curitiba/@-25.4572096,-49.3575847,12z/data=!3m1!4b1?entry=ttu",atendimento@meridiansolar.com.br,(41) 99912-8299
Enerzee - Energia Solar - Região Sul,https://www.google.com/maps/place/Enerzee+-+Energia+Solar+-+Regi%C3%A3o+Sul/data=!4m7!3m6!1s0x94dce3757434daf1:0x775f5481496c6650!8m2!3d-25.4371245!4d-49.3075692!16s%2Fg%2F11nw9jqs1b!19sChIJ8do0dHXj3JQRUGZsSYFUX3c,http://www.enerzee.com.br/,Data found,,"5,0",2,Fornecedor de equipamentos a energia solar,"Rua General Mário Tourinho, 1746 Edifício Barigui Business Center, 16º Andar - Bigorrilho, Curitiba - PR, 80740-000, Brasil",+55 41 3052-9573,"https://www.google.com/maps/search/energia+solar+em+curitiba/@-25.4572096,-49.3575847,12z/data=!3m1!4b1?entry=ttu",contato@enerzee.com.br,(65) 3634-7877
GR Energia Solar Curitiba | Instaladora de Sistemas Fotovoltaicos,https://www.google.com/maps/place/GR+Energia+Solar+Curitiba+%7C+Instaladora+de+Sistemas+Fotovoltaicos/data=!4m7!3m6!1s0x94dce3c777ddb691:0xfe56930340b5c95f!8m2!3d-25.4585688!4d-49.3555769!16s%2Fg%2F11s7tk2y1h!19sChIJkbbdd8fj3JQRX8m1QAOTVv4,http://grenergiasolar.com/,Data found,,,,Fornecedor de equipamentos a energia solar,"Rua Ladslau Gaudeda, 814 Cidade Industrial de Curitiba (CIC, Curitiba - PR, 81270-130, Brasil",+55 41 99994-4189,"https://www.google.com/maps/search/energia+solar+em+curitiba/@-25.4572096,-49.3575847,12z/data=!3m1!4b1?entry=ttu",,(41) 99994-4189
Domínio Solar Energias Renovaveis,https://www.google.com/maps/place/Dom%C3%ADnio+Solar+Energias+Renovaveis/data=!4m7!3m6!1s0x94dce3efde45a6d3:0xc660b83103b0fa3e!8m2!3d-25.4372347!4d-49.3290448!16s%2Fg%2F11gnrg0b7j!19sChIJ06ZF3u_j3JQRPvqwAzG4YMY,http://www.dominiosolar.com.br/,Data found,,"4,8",17,Fornecedor de equipamentos a energia solar,"Rua Grã Nicco, 113 - 4 andar - Mossunguê, Curitiba - PR, 81200-200, Brasil",+55 41 98829-4555,"https://www.google.com/maps/search/energia+solar+em+curitiba/@-25.4572096,-49.3575847,12z/data=!3m1!4b1?entry=ttu",,
Sol Vivo Energia Sustentável,https://www.google.com/maps/place/Sol+Vivo+Energia+Sustent%C3%A1vel/data=!4m7!3m6!1s0x94dce79d2bb41fb5:0xb032b4c1cdada448!8m2!3d-25.4021869!4d-49.282926!16s%2Fg%2F11swxqt198!19sChIJtR-0K53n3JQRSKStzcG0MrA,,No website found,,,,Fornecedor de equipamentos a energia solar,"Av. Desembargador Hugo Simas, 1948 - Bom Retiro, Curitiba - PR, 80520-250, Brasil",+55 41 99574-6274,"https://www.google.com/maps/search/energia+solar+em+curitiba/@-25.4572096,-49.3575847,12z/data=!3m1!4b1?entry=ttu",,
Work Solar - Curitiba,https://www.google.com/maps/place/Work+Solar+-+Curitiba/data=!4m7!3m6!1s0x94dce7f740154d0f:0xa51a7e5e6616b286!8m2!3d-25.4196192!4d-49.2058335!16s%2Fg%2F11p5mh5zl1!19sChIJD00VQPfn3JQRhrIWZl5-GqU,https://instagram.com/worksolar.curitiba.sul?utm_medium=copy_link,No data found,,,,Empresa de energia solar,"Rua Pedro Eloy de Souza, 992 - 3 - Bairro Alto, Curitiba - PR, 82820-130, Brasil",+55 41 99712-3890,"https://www.google.com/maps/search/energia+solar+em+curitiba/@-25.4572096,-49.3575847,12z/data=!3m1!4b1?entry=ttu",,
Energy Brasil Curitiba,https://www.google.com/maps/place/Energy+Brasil+Curitiba/data=!4m7!3m6!1s0x94dce15ec7824f91:0x1ce00a0dfca56234!8m2!3d-25.3924211!4d-49.3337802!16s%2Fg%2F11jylxx5l3!19sChIJkU-Cx17h3JQRNGKl_A0K4Bw,https://franquias.energybrasilsolar.com.br/337-curitiba-pr/,Data found,,,,Fornecedor de equipamentos a energia solar,"Rua Francisco Dallalibera, 1474 - Santa Felicidade, Curitiba - PR, 82400-390, Brasil",+55 41 99197-0789,"https://www.google.com/maps/search/energia+solar+em+curitiba/@-25.4572096,-49.3575847,12z/data=!3m1!4b1?entry=ttu",rafael.oliveira@energybrasilsolar.com.br,
Bws Energia Solar,https://www.google.com/maps/place/Bws+Energia+Solar/data=!4m7!3m6!1s0x94dcfb57eadf14e5:0xcba51d062902d644!8m2!3d-25.5019692!4d-49.2829784!16s%2Fg%2F11hbk4mg82!19sChIJ5RTf6lf73JQRRNYCKQYdpcs,https://www.bwsenergiarenovavel.com.br/,Data found,,"5,0",47,Empresa de energia solar,"Rua Major Sebastião Izidoro Pereira, 362 - Capão Raso, Curitiba - PR, 81110-300, Brasil",+55 41 3209-4711,"https://www.google.com/maps/search/energia+solar+em+curitiba/@-25.4572096,-49.3575847,12z/data=!3m1!4b1?entry=ttu",contato@bwsenergiarenovavel.com.br,(41) 3209-4711
CZL Energia Solar,https://www.google.com/maps/place/CZL+Energia+Solar/data=!4m7!3m6!1s0x94dce3559f782079:0x48da2c8bbd404081!8m2!3d-25.474511!4d-49.2952674!16s%2Fg%2F11n06h0sx9!19sChIJeSB4n1Xj3JQRgUBAvYss2kg,https://api.whatsapp.com/send?phone=5541984364239&text=Ol%C3%A1%2C%20vi%20sua%20empresa%20no%20Google%20e%20gostaria%20de%20fazer%20um%20or%C3%A7amento%20de%20instala%C3%A7%C3%A3o%20de%20energia%20fotovoltaica.,Data found,,"5,0",31,Fornecedor de equipamentos a energia solar,"R. João Bettega, 101 - Sala 97 - Portão, Curitiba - PR, 81070-000, Brasil",+55 41 98436-4239,"https://www.google.com/maps/search/energia+solar+em+curitiba/@-25.4572096,-49.3575847,12z/data=!3m1!4b1?entry=ttu",,+55 41 98436-4239
Solar Volt Energia,https://www.google.com/maps/place/Solar+Volt+Energia/data=!4m7!3m6!1s0x94dce5c27c41c6a1:0x7edc284cc1d686db!8m2!3d-25.4047174!4d-49.2411104!16s%2Fg%2F11ky4t_ylf!19sChIJocZBfMLl3JQR24bWwUwo3H4,http://solarvoltenergia.com/,Data found,,,,Empresa de energia solar,"R. Peru, 275 - Bacacheri, Curitiba - PR, 82510-140, Brasil",+55 41 99655-3049,"https://www.google.com/maps/search/energia+solar+em+curitiba/@-25.4572096,-49.3575847,12z/data=!3m1!4b1?entry=ttu",contato@solarvoltenergia.com,+55 41 99655-3049
EGNEX,https://www.google.com/maps/place/EGNEX/data=!4m7!3m6!1s0x94dce38f882a84bd:0x3faf4fc14167b8c2!8m2!3d-25.4465907!4d-49.2454182!16s%2Fg%2F11btlzd4p7!19sChIJvYQqiI_j3JQRwrhnQcFPrz8,http://www.egnex.com/,Data found,,"5,0",7,Fornecedor de equipamentos a energia solar,"Av. Com. Franco, 1341 - Jardim Botânico, Curitiba - PR, 80215-090, Brasil",+55 41 3156-3331,"https://www.google.com/maps/search/energia+solar+em+curitiba/@-25.4572096,-49.3575847,12z/data=!3m1!4b1?entry=ttu",orcamento@egnex.com,(41) 99957-3331
Energia Solar,https://www.google.com/maps/place/Energia+Solar/data=!4m7!3m6!1s0x94dce4d0cefaaaab:0xca26a42c8f63369e!8m2!3d-25.4738159!4d-49.2490975!16s%2Fg%2F11j3x11zwm!19sChIJq6r6ztDk3JQRnjZjjyykJso,,No website found,,,,Fornecedor de equipamentos a energia solar,"R. Maj. Fabriciano do Rêgo Barros, 399 - Hauer, Curitiba - PR, 81610-170, Brasil",+55 41 3408-9247,"https://www.google.com/maps/search/energia+solar+em+curitiba/@-25.4572096,-49.3575847,12z/data=!3m1!4b1?entry=ttu",,
Effect Energia Solar Santa Felicidade,https://www.google.com/maps/place/Effect+Energia+Solar+Santa+Felicidade/data=!4m7!3m6!1s0x94dce1ed6c6c6005:0xd456b3eab9fc6a5!8m2!3d-25.3986173!4d-49.3424825!16s%2Fg%2F11t2p_0ny0!19sChIJBWBsbO3h3JQRpcafqz5rRQ0,http://www.effectenergiasolar.com.br/,Data found,,,,Fornecedor de equipamentos a energia solar,"Av. Manoel Ribas, 7525 - Santa Felicidade, Curitiba - PR, 82400-000, Brasil",+55 41 99993-0359,"https://www.google.com/maps/search/energia+solar+em+curitiba/@-25.4572096,-49.3575847,12z/data=!3m1!4b1?entry=ttu",,43 99611-7094
Pró Sol energia solar,https://www.google.com/maps/place/Pr%C3%B3+Sol+energia+solar/data=!4m7!3m6!1s0x94dce15c182dae9d:0x6c63980d9ade2025!8m2!3d-24.6167086!4d-51.3214211!16s%2Fg%2F11g6nj701r!19sChIJna4tGFzh3JQRJSDemg2YY2w,https://pro-sol-energia-solar.negocio.site/?utm_source=gmb&utm_medium=referral,Data found,,,,Fornecedor de equipamentos a energia solar,,+55 41 99266-8448,"https://www.google.com/maps/search/energia+solar+em+curitiba/@-25.4572096,-49.3575847,12z/data=!3m1!4b1?entry=ttu",,(41) 99266-8448
Solar Infinity Tec,https://www.google.com/maps/place/Solar+Infinity+Tec/data=!4m7!3m6!1s0x94dce57fa9019bf1:0x10427a108ce45fd7!8m2!3d-25.4189262!4d-49.2502151!16s%2Fg%2F11tx2v1c_x!19sChIJ8ZsBqX_l3JQR11_kjBB6QhA,http://solarinfinitytec.com.br/,Data found,,"5,0",9,Empresa de energia solar,"R. Humberto Carta, 96 - Hugo Lange, Curitiba - PR, 80040-150, Brasil",+55 41 99636-2885,"https://www.google.com/maps/search/energia+solar+em+curitiba/@-25.4572096,-49.3575847,12z/data=!3m1!4b1?entry=ttu",contato@solarinfinitytec.com.br,(41) 99636-2885
Energia Solar Curitiba,https://www.google.com/maps/place/Energia+Solar+Curitiba/data=!4m7!3m6!1s0x45e8849d8da7a4f9:0x5d5b1a5ee0345a4!8m2!3d-24.6167086!4d-51.3214211!16s%2Fg%2F11rd2l7zbp!19sChIJ-aSnjZ2E6EURpEUD7qWx1QU,https://www.facebook.com/energiasolarfotovoltaicacwb,No data found,,,,Usina solar fotovoltaica,,+55 41 98898-8597,"https://www.google.com/maps/search/energia+solar+em+curitiba/@-25.4572096,-49.3575847,12z/data=!3m1!4b1?entry=ttu",,
Independent Energy,https://www.google.com/maps/place/Independent+Energy/data=!4m7!3m6!1s0x94dce432d7219103:0xd85014fc52de5c80!8m2!3d-25.414108!4d-49.2440499!16s%2Fg%2F11c5856wfn!19sChIJA5Eh1zLk3JQRgFzeUvwUUNg,http://www.independent-energy.nl/contact,Data found,,,,Fornecedor de equipamentos a energia solar,"R. Jaime Balão, 976 - Hugo Lange, Curitiba - PR, 80040-340, Brasil",+55 41 99807-3456,"https://www.google.com/maps/search/energia+solar+em+curitiba/@-25.4572096,-49.3575847,12z/data=!3m1!4b1?entry=ttu",info@independent-energy.nl,
Playsol Energia Solar S.A.,https://www.google.com/maps/place/Playsol+Energia+Solar+S.A./data=!4m7!3m6!1s0x94dce59947088ca5:0xe4c7138c39a14aa7!8m2!3d-25.4783201!4d-49.2670948!16s%2Fg%2F11rg7bzjdk!19sChIJpYwIR5nl3JQRp0qhOYwTx-Q,,No website found,,"5,0",8,Fornecedor de equipamentos a energia solar,"R. Maestro Francisco Antonello, 866 - Fanny, Curitiba - PR, 81030-100, Brasil",+55 41 3205-6137,"https://www.google.com/maps/search/energia+solar+em+curitiba/@-25.4572096,-49.3575847,12z/data=!3m1!4b1?entry=ttu",,
TNR Solar,https://www.google.com/maps/place/TNR+Solar/data=!4m7!3m6!1s0x94dce3695c4b2591:0x66dba965873c740f!8m2!3d-25.4527734!4d-49.2985794!16s%2Fg%2F1ptxf5z2p!19sChIJkSVLXGnj3JQRD3Q8h2Wp22Y,http://www.tnrsolar.com.br/,No data found,,,,Empresa de energia solar,"R. Prof. João Argemiro Loyola, 20 - Seminário, Curitiba - PR, 80240-530, Brasil",+55 41 3206-3628,"https://www.google.com/maps/search/energia+solar+em+curitiba/@-25.4572096,-49.3575847,12z/data=!3m1!4b1?entry=ttu",,
NPF Energia Solar Curitiba,https://www.google.com/maps/place/NPF+Energia+Solar+Curitiba/data=!4m7!3m6!1s0x94dcfb4fe9d7b0bb:0x66ffa09f16f7acc4!8m2!3d-25.5039302!4d-49.2660352!16s%2Fg%2F11spwhjvx6!19sChIJu7DX6U_73JQRxKz3Fp-g_2Y,http://npfsolar.com.br/,Data found,,"4,9",8,Empresa de energia solar,"Rua: Moacir Potier, 110 - Xaxim, Curitiba - PR, 81810-535, Brasil",+55 41 99161-7351,"https://www.google.com/maps/search/energia+solar+em+curitiba/@-25.4572096,-49.3575847,12z/data=!3m1!4b1?entry=ttu",contato@npfsolar.com.br,(41) 991617351
Deka Energia Solar e Elétrica,https://www.google.com/maps/place/Deka+Energia+Solar+e+El%C3%A9trica/data=!4m7!3m6!1s0x94dcfd0206ecbca1:0x279d293d47d6fe58!8m2!3d-25.4288697!4d-49.2577783!16s%2Fg%2F11s_xvdy7s!19sChIJobzsBgL93JQRWP7WRz0pnSc,,No website found,,,,Empresa de energia solar,"R. Ubaldino do Amaral, 927 - Alto da XV, Curitiba - PR, 80045-150, Brasil",+55 41 99960-9467,"https://www.google.com/maps/search/energia+solar+em+curitiba/@-25.4572096,-49.3575847,12z/data=!3m1!4b1?entry=ttu",,
Sawia Solar,https://www.google.com/maps/place/Sawia+Solar/data=!4m7!3m6!1s0x94dce5b433f90285:0x35c51b7db9865d89!8m2!3d-25.4201369!4d-49.2484189!16s%2Fg%2F11pt_591rn!19sChIJhQL5M7Tl3JQRiV2GuX0bxTU,,No website found,,"5,0",11,Fornecedor de equipamentos a energia solar,"R. Padre Germano Mayer, 1717 - Hugo Lange, Curitiba - PR, 80040-170, Brasil",+55 41 3308-2884,"https://www.google.com/maps/search/energia+solar+em+curitiba/@-25.4572096,-49.3575847,12z/data=!3m1!4b1?entry=ttu",,
FHR SOLAR,https://www.google.com/maps/place/FHR+SOLAR/data=!4m7!3m6!1s0x94dce552b6c05b63:0x7e906ce3471a91b3!8m2!3d-25.4757963!4d-49.2462361!16s%2Fg%2F11mbq4pv57!19sChIJY1vAtlLl3JQRs5EaR-NskH4,,No website found,,"5,0",44,Fornecedor de equipamentos a energia solar,"R. Carlos de Laet, 1390 - Hauer, Curitiba - PR, 81610-050, Brasil",+55 41 99268-9053,"https://www.google.com/maps/search/energia+solar+em+curitiba/@-25.4572096,-49.3575847,12z/data=!3m1!4b1?entry=ttu",,
SER ENERGIAS - OBEN POWER,https://www.google.com/maps/place/SER+ENERGIAS+-+OBEN+POWER/data=!4m7!3m6!1s0x94dce5f08cc4de51:0x944163d590009bb3!8m2!3d-25.4098961!4d-49.2257269!16s%2Fg%2F11h6m7ypwp!19sChIJUd7EjPDl3JQRs5sAkNVjQZQ,,No website found,,,,Fornecedor de equipamentos a energia solar,"Rua Paulo Ildefonso de Assumpção nº 665 Bacacheri - Jardim Social, Curitiba - PR, 82520-700, Brasil",,"https://www.google.com/maps/search/energia+solar+em+curitiba/@-25.4572096,-49.3575847,12z/data=!3m1!4b1?entry=ttu",,
Ilumi Energia Solar,https://www.google.com/maps/place/Ilumi+Energia+Solar/data=!4m7!3m6!1s0x94dcfd94ea9a85a1:0x21852054f8e7b5fb!8m2!3d-25.4996645!4d-49.2953246!16s%2Fg%2F11rjtsl54c!19sChIJoYWa6pT93JQR-7Xn-FQghSE,http://www.ilumienergia.com.br/,Data found,,"4,8",9,Fornecedor de equipamentos a energia solar,"R. Dr. Manoel Linhares de Lacerda, 84 - Capão Raso, Curitiba - PR, 81110-100, Brasil",+55 41 99121-4455,"https://www.google.com/maps/search/energia+solar+em+curitiba/@-25.4572096,-49.3575847,12z/data=!3m1!4b1?entry=ttu",,
Energia Solar Ws,https://www.google.com/maps/place/Energia+Solar+Ws/data=!4m7!3m6!1s0x94dce551224d7f8f:0xa1a4c596c492c199!8m2!3d-25.4309073!4d-49.2679722!16s%2Fg%2F11rvhjrr5_!19sChIJj39NIlHl3JQRmcGSxJbFpKE,,No website found,,,,Empresa de energia solar,"R. Mal. Deodoro, 450 - 4 andar - Centro, Curitiba - PR, 80010-010, Brasil",+55 41 98779-2850,"https://www.google.com/maps/search/energia+solar+em+curitiba/@-25.4572096,-49.3575847,12z/data=!3m1!4b1?entry=ttu",,
Hiperlight Solar Banho e Solar Piscina Curitiba,https://www.google.com/maps/place/Hiperlight+Solar+Banho+e+Solar+Piscina+Curitiba/data=!4m7!3m6!1s0x94dce54969971679:0x42dca4ff09bb53f8!8m2!3d-25.4450247!4d-49.2255351!16s%2Fg%2F11jfcblgq_!19sChIJeRaXaUnl3JQR-FO7Cf-k3EI,,No website found,,,,Fornecedor de equipamentos a energia solar,"R. Luiz França, 526 - Cajuru, Curitiba - PR, 82900-250, Brasil",+55 41 99264-9970,"https://www.google.com/maps/search/energia+solar+em+curitiba/@-25.4572096,-49.3575847,12z/data=!3m1!4b1?entry=ttu",,
Gena Energia Solar,https://www.google.com/maps/place/Gena+Energia+Solar/data=!4m7!3m6!1s0x94dce3c3b67d23e1:0xaeadda2c363abd2d!8m2!3d-25.4338779!4d-49.3696163!16s%2Fg%2F11c48sqzkd!19sChIJ4SN9tsPj3JQRLb06Nizara4,http://gena.com.br/,Data found,,"4,5",8,Empresa de energia solar,"Rua Engenheiro Sady Souza, 450 - Cidade Industrial de Curitiba, Curitiba - PR, 81290-020, Brasil",+55 41 98774-7669,"https://www.google.com/maps/search/energia+solar+em+curitiba/@-25.4572096,-49.3575847,12z/data=!3m1!4b1?entry=ttu",comercial@gena.com.br,
SOLAR CURITIBA ENERGIAS RENOVAVEIS LTDA,https://www.google.com/maps/place/SOLAR+CURITIBA+ENERGIAS+RENOVAVEIS+LTDA/data=!4m7!3m6!1s0x94dcfb2461eee447:0x6f348d14776e8c91!8m2!3d-25.4993809!4d-49.2593367!16s%2Fg%2F11rgnx7hbw!19sChIJR-TuYST73JQRkYxudxSNNG8,http://solarcwb.com/,Data found,,,,Fornecedor de equipamentos a energia solar,"Rua Álvaro Bello Sovinski, 48 - Xaxim, Curitiba - PR, 81710-550, Brasil",+55 41 98860-1125,"https://www.google.com/maps/search/energia+solar+em+curitiba/@-25.4572096,-49.3575847,12z/data=!3m1!4b1?entry=ttu",,(41) 98860-1125
F&R ENERGIA SOLAR,https://www.google.com/maps/place/F%26R+ENERGIA+SOLAR/data=!4m7!3m6!1s0x94dcfd938cd8378b:0x1c7077ac21cb5e31!8m2!3d-25.5293249!4d-49.2928154!16s%2Fg%2F11s354w46c!19sChIJizfYjJP93JQRMV7LIax3cBw,https://frsolareng.com.br/,Data found,,"5,0",9,Fornecedor de equipamentos a energia solar,"Rua Joaquim Ferreira Bello, 114 - Pinheirinho, Curitiba - PR, 81870-120, Brasil",+55 41 3398-1345,"https://www.google.com/maps/search/energia+solar+em+curitiba/@-25.4572096,-49.3575847,12z/data=!3m1!4b1?entry=ttu",contato@frsolareng.com.br,(41) 3398-1345
TMX Energia Solar | Energia Solar Fotovoltaica,https://www.google.com/maps/place/TMX+Energia+Solar+%7C+Energia+Solar+Fotovoltaica/data=!4m7!3m6!1s0x94dce40327995555:0xa3f569ef566efb68!8m2!3d-25.4147602!4d-49.2747767!16s%2Fg%2F11jypx80b0!19sChIJVVWZJwPk3JQRaPtuVu9p9aM,https://www.energiasolartmx.com.br/contato,Data found,,,,Fornecedor de equipamentos a energia solar,"R. Domingos Nascimento, 500 - Bom Retiro, Curitiba - PR, 80520-200, Brasil",+55 41 99192-0082,"https://www.google.com/maps/search/energia+solar+em+curitiba/@-25.4572096,-49.3575847,12z/data=!3m1!4b1?entry=ttu",contato@energiasolartmx.com.br,(41) 99192-0082
Recurso Solar - Empresa de projetos e instalações.,https://www.google.com/maps/place/Recurso+Solar+-+Empresa+de+projetos+e+instala%C3%A7%C3%B5es./data=!4m7!3m6!1s0x94dce576e698909d:0x1572a03cdea88382!8m2!3d-25.446208!4d-49.211887!16s%2Fg%2F11bwc51b7_!19sChIJnZCY5nbl3JQRgoOo3jygchU,http://www.recursosolar.com/,Data found,,"5,0",3,Fornecedor de equipamentos a energia solar,"R. Natal, 273 - Cajuru, Curitiba - PR, 82920-000, Brasil",+55 41 3264-1086,"https://www.google.com/maps/search/energia+solar+em+curitiba/@-25.4572096,-49.3575847,12z/data=!3m1!4b1?entry=ttu",ventas@recursosolar.com,
Hitech Energia Solar Engenharia,https://www.google.com/maps/place/Hitech+Energia+Solar+Engenharia/data=!4m7!3m6!1s0x94dce5ea1e220b1b:0xe0e62395366f0039!8m2!3d-25.4387379!4d-49.2308986!16s%2Fg%2F11t2t_52lb!19sChIJGwsiHurl3JQROQBvNpUj5uA,http://www.hitechenergiasolar.com.br/,Data found,,"5,0",3,Fornecedor de equipamentos a energia solar,"Rua Delegado Leopoldo Belczack,500, Loja 02 - Capão da Imbuia, Curitiba - PR, 82800-220, Brasil",+55 41 99263-2106,"https://www.google.com/maps/search/energia+solar+em+curitiba/@-25.4572096,-49.3575847,12z/data=!3m1!4b1?entry=ttu",,41 3243-0279
Projecta Energia Solar,https://www.google.com/maps/place/Projecta+Energia+Solar/data=!4m7!3m6!1s0x94dcf0e292495555:0x7a56ce9a4ce998c!8m2!3d-25.4219461!4d-49.267326!16s%2Fg%2F11rhbrpzys!19sChIJVVVJkuLw3JQRjJnOpOlspQc,https://www.projectaenergiasolar.com.br/,Data found,,"5,0",1,Fornecedor de equipamentos a energia solar,"R. da Glória, 72 - Alto da Glória, Curitiba - PR, 80030-060, Brasil",+55 41 99944-2021,"https://www.google.com/maps/search/energia+solar+em+curitiba/@-25.4572096,-49.3575847,12z/data=!3m1!4b1?entry=ttu",projectaenergiasolar@gmail.com,(41) 99944-2021
Ellun Energia Solar,https://www.google.com/maps/place/Ellun+Energia+Solar/data=!4m7!3m6!1s0x94dce38a46bfcd77:0xecd1e590c04f84a4!8m2!3d-25.4320377!4d-49.297376!16s%2Fg%2F11s3dgg79x!19sChIJd82_Rorj3JQRpIRPwJDl0ew,,No website found,,"5,0",1,Fornecedor de equipamentos a energia solar,"R. Padre Anchieta, 1856 - Mercês, Curitiba - PR, 80730-020, Brasil",+55 41 99114-6816,"https://www.google.com/maps/search/energia+solar+em+curitiba/@-25.4572096,-49.3575847,12z/data=!3m1!4b1?entry=ttu",,
Ember Solar,https://www.google.com/maps/place/Ember+Solar/data=!4m7!3m6!1s0x94dce49b51a40001:0x734a0bb4ff6c8250!8m2!3d-25.4682707!4d-49.2830289!16s%2Fg%2F11p77dzq50!19sChIJAQCkUZvk3JQRUIJs_7QLSnM,https://www.embersolar.com.br/contato/,Data found,,"5,0",21,Fornecedor de equipamentos a energia solar,"R. Maranhão, 1039 - Água Verde, Curitiba - PR, 80610-000, Brasil",+55 41 3328-4548,"https://www.google.com/maps/search/energia+solar+em+curitiba/@-25.4572096,-49.3575847,12z/data=!3m1!4b1?entry=ttu",ember@embersolar.com.br,(41) 3328-4548
O&M Solar,https://www.google.com/maps/place/O%26M+Solar/data=!4m7!3m6!1s0x94dce22f143eaaab:0xdee00cac74fd7e06!8m2!3d-25.4372217!4d-49.3289009!16s%2Fg%2F11l9lzggyf!19sChIJq6o-FC_i3JQRBn79dKwM4N4,https://oemsolar.com.br/,Data found,,"5,0",11,Fornecedor de equipamentos a energia solar,"Rua Grã Nicco, 113 - Bloco 4 - 4º Andar - Mossunguê, Curitiba - PR, 81200-200, Brasil",+55 41 98776-4802,"https://www.google.com/maps/search/energia+solar+em+curitiba/@-25.4572096,-49.3575847,12z/data=!3m1!4b1?entry=ttu",comercial@oemsolar.com.br,(41) 3538-8952
Midori Solar,https://www.google.com/maps/place/Midori+Solar/data=!4m7!3m6!1s0x94dce51ebf517ed9:0x8776f1662dc3829f!8m2!3d-25.3950513!4d-49.208179!16s%2Fg%2F11j7w3z8nj!19sChIJ2X5Rvx7l3JQRn4LDLWbxdoc,http://www.midorisolar.com.br/,Data found,,,,Fornecedor de equipamentos a energia solar,"Rua Gastão Luiz Cruls, 294 - Bairro Alto, Curitiba - PR, 82840-180, Brasil",+55 41 99107-3373,"https://www.google.com/maps/search/energia+solar+em+curitiba/@-25.4572096,-49.3575847,12z/data=!3m1!4b1?entry=ttu",contato@midorisolar.com.br,+55 41 9 9513-8333
Energia solar,https://www.google.com/maps/place/Energia+solar/data=!4m7!3m6!1s0x94dce37f9817cf6d:0xf4f721a5f80ffab7!8m2!3d-25.4563252!4d-49.2861461!16s%2Fg%2F11jvmq7ffk!19sChIJbc8XmH_j3JQRt_oP-KUh9_Q,http://sunlabs.com.br/,Data found,,,,Empresa de energia solar,"Rua Guilherme Pugsley, 1158 - APTO 108 - Água Verde, Curitiba - PR, 80620-000, Brasil",,"https://www.google.com/maps/search/energia+solar+em+curitiba/@-25.4572096,-49.3575847,12z/data=!3m1!4b1?entry=ttu",contato@sunlabs.com.br,41 98849-3442
Energil Energia Solar,https://www.google.com/maps/place/Energil+Energia+Solar/data=!4m7!3m6!1s0x94dcfb7524c4199f:0xa0dde27670cdb51a!8m2!3d-25.5349163!4d-49.2741334!16s%2Fg%2F11q89r4tsr!19sChIJnxnEJHX73JQRGrXNcHbi3aA,https://energilenergiasolar.negocio.site/?utm_source=gmb&utm_medium=referral,Data found,,"5,0",1,Equipamentos e soluções de energia,"Rua Balsa Nova, 84 - Sítio Cercado, Curitiba - PR, 81900-070, Brasil",+55 41 99830-6876,"https://www.google.com/maps/search/energia+solar+em+curitiba/@-25.4572096,-49.3575847,12z/data=!3m1!4b1?entry=ttu",,(41) 98417-3270
WeSolar,https://www.google.com/maps/place/WeSolar/data=!4m7!3m6!1s0x94dce410a3ee45a3:0x6927164f76dd0ca7!8m2!3d-25.4207817!4d-49.2699326!16s%2Fg%2F11gxmttbj2!19sChIJo0XuoxDk3JQRpwzddk8WJ2k,,No website found,,,,Fornecedor de equipamentos a energia solar,"Av. Cândido de Abreu, 381 - Centro Cívico, Curitiba - PR, 80040-130, Brasil",+55 41 4042-0420,"https://www.google.com/maps/search/energia+solar+em+curitiba/@-25.4572096,-49.3575847,12z/data=!3m1!4b1?entry=ttu",,
Nova Aliança Energia Solar,https://www.google.com/maps/place/Nova+Alian%C3%A7a+Energia+Solar/data=!4m7!3m6!1s0x94dcfba92a88df9f:0x660b05f12288ac34!8m2!3d-25.536292!4d-49.2826422!16s%2Fg%2F11pkhzqvv2!19sChIJn9-IKqn73JQRNKyIIvEFC2Y,https://www.novaaliancaenergia.com.br/,Data found,,"5,0",5,Fornecedor de equipamentos a energia solar,"R. Izaac Ferreira da Cruz, 2035 - sala 106 - Sítio Cercado, Curitiba - PR, 81900-000, Brasil",+55 41 98458-7497,"https://www.google.com/maps/search/energia+solar+em+curitiba/@-25.4572096,-49.3575847,12z/data=!3m1!4b1?entry=ttu",contato@novaaliancaenergia.com.br,(41) 98458-7497
Utility Solar,https://www.google.com/maps/place/Utility+Solar/data=!4m7!3m6!1s0x94dce473638b0181:0x185a8a2b45a376d8!8m2!3d-25.4347745!4d-49.2787672!16s%2Fg%2F11j3xp1q1k!19sChIJgQGLY3Pk3JQR2HajRSuKWhg,,No website found,,"5,0",2,Fornecedor de equipamentos a energia solar,"R. Visc. do Rio Branco, 1488 - Sala 1404 - Centro, Curitiba - PR, 80420-210, Brasil",+55 41 4102-5003,"https://www.google.com/maps/search/energia+solar+em+curitiba/@-25.4572096,-49.3575847,12z/data=!3m1!4b1?entry=ttu",,
Energia Solar | BF Energia Renovável,https://www.google.com/maps/place/Energia+Solar+%7C+BF+Energia+Renov%C3%A1vel/data=!4m7!3m6!1s0x94dce522915bffff:0x9be9cca23405bc3c!8m2!3d-25.4586045!4d-49.2351095!16s%2Fg%2F11p9w8m8gx!19sChIJ__9bkSLl3JQRPLwFNKLM6Zs,https://www.bfenergia.com.br/contato,Data found,,,,Fornecedor de equipamentos a energia solar,"R. Prof. João Kochaki, 341 - Jardim das Américas, Curitiba - PR, 81520-200, Brasil",+55 41 4101-0801,"https://www.google.com/maps/search/energia+solar+em+curitiba/@-25.4572096,-49.3575847,12z/data=!3m1!4b1?entry=ttu",comercial@bfenergia.com.br,41 4101-0801
JB Solar,https://www.google.com/maps/place/JB+Solar/data=!4m7!3m6!1s0x94dcfb181676269b:0xef67336eefe7c8af!8m2!3d-25.5445202!4d-49.2712536!16s%2Fg%2F11kj7zhgvw!19sChIJmyZ2Fhj73JQRr8jn724zZ-8,https://www.solutudo.com.br/empresas/pr/curitiba/energia-solar/jb-solar-23130691,Data found,,"5,0",19,Fornecedor de equipamentos a energia solar,"Rua Moysés Gutztein, 522 - Sítio Cercado, Curitiba - PR, 81925-180, Brasil",+55 41 99682-3949,"https://www.google.com/maps/search/energia+solar+em+curitiba/@-25.4572096,-49.3575847,12z/data=!3m1!4b1?entry=ttu",contato@jbsolar.com.br,12345678910
Motion Solar,https://www.google.com/maps/place/Motion+Solar/data=!4m7!3m6!1s0x94dce502413d5c5d:0xb9f0dbf663617cd2!8m2!3d-25.4116211!4d-49.2064331!16s%2Fg%2F11s3cpdyvd!19sChIJXVw9QQLl3JQR0nxhY_bb8Lk,https://motionsolar.com.br/?dominio=motionsolar.com.br,No data found,,"5,0",2,Fornecedor de equipamentos a energia solar,"R. José de Oliveira Franco, 1489 - Bairro Alto, Curitiba - PR, 82820-110, Brasil",+55 41 99882-0893,"https://www.google.com/maps/search/energia+solar+em+curitiba/@-25.4572096,-49.3575847,12z/data=!3m1!4b1?entry=ttu",,
Bluesun Curitiba,https://www.google.com/maps/place/Bluesun+Curitiba/data=!4m7!3m6!1s0x94dce5ae74fbc7f5:0x3ca7402172a18f41!8m2!3d-25.4655115!4d-49.2273854!16s%2Fg%2F11rsbkl8cp!19sChIJ9cf7dK7l3JQRQY-hciFApzw,,No website found,,,,Fornecedor de equipamentos a energia solar,"Rua André Petrelli, 310 - Jardim das Américas, Curitiba - PR, 81540-330, Brasil",+55 41 99201-2600,"https://www.google.com/maps/search/energia+solar+em+curitiba/@-25.4572096,-49.3575847,12z/data=!3m1!4b1?entry=ttu",,